cluster,ADE_m,FDE_m,model
1,1521.1717018143195,1450.520713236471,Random Forest 2
2,1951.596409101922,1970.7181217601226,Random Forest 2
3,2371.8442925397817,1342.0770206185655,Random Forest 2
4,1529.9793358836996,2680.6999515676957,Random Forest 2
