{
  "train_rmse_lat": [
    0.20359013041264087,
    0.2070339227083298,
    0.20448826177269555,
    0.205850466851345,
    0.20675514075185714
  ],
  "val_rmse_lat": [
    0.21873393390882115,
    0.2054484283173983,
    0.21553696449029594,
    0.20599924848899048,
    0.20568032614808143
  ],
  "train_rmse_lon": [
    0.20272714488785865,
    0.19991975452387706,
    0.2000162450115917,
    0.20121165724850176,
    0.2017352513261947
  ],
  "val_rmse_lon": [
    0.20847506608378086,
    0.22061702453291296,
    0.2195788234422619,
    0.21409016611292728,
    0.2093385013230374
  ]
}