{
  "train_rmse_lat": [
    0.2731663208176302,
    0.252818687430332,
    1.8633490142187417,
    1.011715741089276
  ],
  "val_rmse_lat": [
    0.27370050814488167,
    0.2539263948709237,
    1.8864186235401594,
    1.0249413830508196
  ],
  "train_rmse_lon": [
    19.97553706685057,
    1.261355759608603,
    0.20697411661090004,
    1.1303323706229718
  ],
  "val_rmse_lon": [
    20.50948699227899,
    1.2841977633720545,
    0.2005553147029297,
    1.1460853888260683
  ]
}