{
  "train_rmse_lat": [
    0.24784940316121493,
    2.297957568864284,
    3.1418699995874486,
    2.217779790425538
  ],
  "val_rmse_lat": [
    0.2511817851341061,
    2.352026830683823,
    3.193449693004895,
    2.246154668825209
  ],
  "train_rmse_lon": [
    4.014127531386204,
    4.737007722950018,
    0.21102893964661754,
    2.982925011855585
  ],
  "val_rmse_lon": [
    4.111252764433774,
    4.862384803413103,
    0.20506692164381626,
    3.023775053798005
  ]
}