{
  "train_rmse_lat": [
    0.12611680059725244,
    0.1251354943398598,
    0.12555084464494734,
    0.12929970368937233
  ],
  "val_rmse_lat": [
    0.13428944369560386,
    0.13310737387099525,
    0.13161588113981318,
    0.13177533017429335
  ],
  "train_rmse_lon": [
    0.2337695873153142,
    0.21898368184357092,
    0.22662725922858176,
    0.21885342976016353
  ],
  "val_rmse_lon": [
    0.23011195410450178,
    0.22485815432435963,
    0.22744572554515227,
    0.2221826978310247
  ]
}