{
  "train_rmse_lat": [
    0.2315181605796982,
    0.23090427540263014,
    0.22803695588969972,
    0.2277200114931144
  ],
  "val_rmse_lat": [
    0.2420187654513028,
    0.24203625017197447,
    0.236361072429403,
    0.23604802799095517
  ],
  "train_rmse_lon": [
    0.20165658141926956,
    0.19838379855415095,
    0.19540182270874518,
    0.19435463096522299
  ],
  "val_rmse_lon": [
    0.19139157176974173,
    0.19148049185403984,
    0.19147692733536265,
    0.19150031420532498
  ]
}