{
  "train_rmse_lat": [
    0.24104406961422464,
    1.4337577684087044,
    1.0134134064331575,
    0.35572384179537203,
    3.657897736556066
  ],
  "val_rmse_lat": [
    0.24246464414055766,
    1.446299410667456,
    1.0359106010760233,
    0.36119746698383143,
    3.563366622632235
  ],
  "train_rmse_lon": [
    6.043962042015583,
    4.843276635892267,
    3.8708357894797163,
    1.9638130177569892,
    6.0106476006552
  ],
  "val_rmse_lon": [
    6.123589348707961,
    4.834722414236084,
    3.9220618645407246,
    1.9900231188452775,
    5.83262737084829
  ]
}