{
  "train_rmse_lat": [
    0.22172898959021,
    0.22560839159288967,
    0.2237648247654986,
    0.224098354590599
  ],
  "val_rmse_lat": [
    0.23963692353674465,
    0.23753750311625138,
    0.23485685268993298,
    0.23498290298708344
  ],
  "train_rmse_lon": [
    0.189608239719428,
    0.18889663615835847,
    0.18693032233059814,
    0.18596460514789706
  ],
  "val_rmse_lon": [
    0.19268312061791604,
    0.1887348682337786,
    0.18858135458697936,
    0.189508895685639
  ]
}