{
  "train_rmse_lat": [
    0.22531164369875606,
    0.22777257796537786,
    0.22629548992983842,
    0.22641072087681655
  ],
  "val_rmse_lat": [
    0.24043627418614227,
    0.2369092453519498,
    0.23461305441695968,
    0.23395092414367813
  ],
  "train_rmse_lon": [
    0.19289519157310098,
    0.19125186636666613,
    0.18897713112893902,
    0.18821553222569767
  ],
  "val_rmse_lon": [
    0.19221733177022526,
    0.1884624810110449,
    0.1883125285747102,
    0.1888306223621266
  ]
}