{
  "train_rmse_lat": [
    0.15859983166694377,
    0.1763500746619308,
    0.18020517521522647,
    0.182728264117331
  ],
  "val_rmse_lat": [
    0.19999704186760203,
    0.18966004972948483,
    0.1873834227026366,
    0.18662499832027563
  ],
  "train_rmse_lon": [
    0.13297489036438884,
    0.14446051107489802,
    0.15304170354160032,
    0.1549707328208455
  ],
  "val_rmse_lon": [
    0.17758302430906703,
    0.16539595563169232,
    0.1632364227999249,
    0.1631745331246535
  ]
}