{
  "train_rmse_lat": [
    0.1613959143231419,
    0.1791771323705779,
    0.18301006616228072,
    0.18516737739502598
  ],
  "val_rmse_lat": [
    0.19783170974028258,
    0.18840298043568837,
    0.18718319528949803,
    0.185835624840927
  ],
  "train_rmse_lon": [
    0.1354398316782219,
    0.14794794528692834,
    0.15587831540894376,
    0.15811462327787978
  ],
  "val_rmse_lon": [
    0.177244773107826,
    0.1653480887503798,
    0.16404137482890546,
    0.16343128770230478
  ]
}