{
  "train_rmse_lat": [
    0.19035869639196532,
    0.1961834144881931,
    0.1964207633009653,
    0.20041001311348045
  ],
  "val_rmse_lat": [
    0.20479288427465625,
    0.20265050741564544,
    0.20068442624590285,
    0.20026786882011763
  ],
  "train_rmse_lon": [
    0.19652084269514125,
    0.203561910914016,
    0.205966813659599,
    0.20586313760724947
  ],
  "val_rmse_lon": [
    0.2177005032683606,
    0.21293305339885554,
    0.2122502659248045,
    0.211271611190828
  ]
}