{
  "train_rmse_lat": [
    0.18660346816316056,
    0.19386155761565904,
    0.19380102626141266,
    0.19777751384736525
  ],
  "val_rmse_lat": [
    0.20601501894088226,
    0.2032418833752178,
    0.20103066104372333,
    0.20064647404425617
  ],
  "train_rmse_lon": [
    0.19326529506213394,
    0.19977231487818586,
    0.20218456759723513,
    0.20282329295022128
  ],
  "val_rmse_lon": [
    0.2183432132457122,
    0.21283299814236037,
    0.2119893242611736,
    0.21120306204688033
  ]
}