{
  "train_rmse_lat": [
    0.1118739949313075,
    0.11767064103432517,
    0.12066890091034037,
    0.1227342006527945
  ],
  "val_rmse_lat": [
    0.13477193258459028,
    0.13250391960002011,
    0.13173590149421138,
    0.13097086865913155
  ],
  "train_rmse_lon": [
    0.20754324302509264,
    0.20497963298366656,
    0.20600259380141567,
    0.2071565540736514
  ],
  "val_rmse_lon": [
    0.2293920481506326,
    0.22181471777109132,
    0.2196516547576359,
    0.2177963712106981
  ]
}