{
  "train_rmse_lat": [
    0.11627434245306202,
    0.12079866012656375,
    0.12353906275993078,
    0.1253688308817225
  ],
  "val_rmse_lat": [
    0.13377373583067992,
    0.13251756414478416,
    0.1314018784582077,
    0.13118263737419733
  ],
  "train_rmse_lon": [
    0.2127450133548392,
    0.21026539454480792,
    0.21061309354642202,
    0.21015539377579381
  ],
  "val_rmse_lon": [
    0.22843896545334363,
    0.22216044592514766,
    0.2194969114557078,
    0.21747917592515015
  ]
}