{
  "train_rmse_lat": [
    0.11217427106014918,
    0.11807163103262788,
    0.12100276460742675,
    0.12255735613390954
  ],
  "val_rmse_lat": [
    0.13445229869764294,
    0.13240235144345774,
    0.13147719626949025,
    0.13139324434746583
  ],
  "train_rmse_lon": [
    0.2070715769696536,
    0.2049666866600659,
    0.20646583825681705,
    0.20675112190449102
  ],
  "val_rmse_lon": [
    0.22980688199945853,
    0.22172450602336902,
    0.21842689957881178,
    0.2176633870186175
  ]
}