{
  "train_rmse_lat": [
    0.3695683726949263,
    13.421822425056503,
    2.3601886988649663,
    6.161118212577159,
    3.5962683259954633
  ],
  "val_rmse_lat": [
    0.3704106787606624,
    13.640882588488198,
    2.3512005038297312,
    6.044497003404969,
    3.5886125719373334
  ],
  "train_rmse_lon": [
    1.710269554685427,
    0.38529748310899786,
    6.415631495922149,
    1.762590668301573,
    2.3839561133473834
  ],
  "val_rmse_lon": [
    1.7215927877056914,
    0.3804093095087185,
    6.4313467681152785,
    1.7252789812796165,
    2.3718079096298017
  ]
}