{
  "train_rmse_lat": [
    0.1736713911739317,
    1.9002771865062398,
    2.301939641853963,
    3.5531001960571613,
    0.2088782752815987
  ],
  "val_rmse_lat": [
    0.17879417729189984,
    1.927050168822553,
    2.314616687284992,
    3.4981335362698847,
    0.20581139751936978
  ],
  "train_rmse_lon": [
    1.0047395349112986,
    11.225572138536023,
    6.517569155401185,
    1.0723437507214444,
    2.783269033659259
  ],
  "val_rmse_lon": [
    1.018500429432374,
    11.416295206283015,
    6.5336809632799415,
    1.0478456807248178,
    2.7796840084841885
  ]
}