{
  "train_rmse_lat": [
    0.339077661296479,
    4.311251255916348,
    1.3645496318438213,
    3.7612744687336823,
    4.387494499545073
  ],
  "val_rmse_lat": [
    0.3508853262457584,
    4.392938492666315,
    1.3895451049683274,
    3.7937708038240014,
    4.312830462334083
  ],
  "train_rmse_lon": [
    14.364129315613246,
    2.5744854178539693,
    3.386791851167049,
    0.3680901148330705,
    7.009363202096961
  ],
  "val_rmse_lon": [
    14.213849579318817,
    2.6260392539107507,
    3.4046735201755247,
    0.36842413008324143,
    6.844224189365766
  ]
}