{
  "train_rmse_lat": [
    0.15967539765472957,
    0.1761692891284122,
    0.18076389587068845,
    0.18278456182346972
  ],
  "val_rmse_lat": [
    0.20039728237574117,
    0.18990155420893248,
    0.18792214553457867,
    0.18680233743804345
  ],
  "train_rmse_lon": [
    0.13304716379730464,
    0.14532412079510756,
    0.15248310102961946,
    0.1560853525461125
  ],
  "val_rmse_lon": [
    0.1762118775756603,
    0.16600793076693654,
    0.16346891437713545,
    0.16289478782977546
  ]
}