{
  "train_rmse_lat": [
    0.18511945164783003,
    0.18698343757556346,
    0.18601072724972995,
    0.18824022394566534,
    0.18805526862752991
  ],
  "val_rmse_lat": [
    0.20602541529086177,
    0.19696761173841718,
    0.19879571426625423,
    0.1940557855776302,
    0.19125647016266484
  ],
  "train_rmse_lon": [
    0.15750468634852993,
    0.15669970238186323,
    0.15714815715273306,
    0.1597550823382955,
    0.16185621409733222
  ],
  "val_rmse_lon": [
    0.17278708125202136,
    0.1715581887375321,
    0.17495452341944126,
    0.16521637591633337,
    0.15230253592344506
  ]
}