{
  "train_rmse_lat": [
    0.1807656592403133,
    0.18276807550833904,
    0.18178156128726308,
    0.1843920854246228,
    0.18504700695551496
  ],
  "val_rmse_lat": [
    0.20778194720932175,
    0.19811570247380156,
    0.1991167779441343,
    0.19470439336784928,
    0.19169660772144873
  ],
  "train_rmse_lon": [
    0.16080274369424288,
    0.16076015822074158,
    0.1598343343906856,
    0.16214229196853125,
    0.16484318000689813
  ],
  "val_rmse_lon": [
    0.17408025509680952,
    0.17246736002205687,
    0.17624586911311727,
    0.16472098970494867,
    0.15368718989447996
  ]
}