{
  "train_rmse_lat": [
    0.12532550439770263,
    0.12524771869985293,
    0.12694713851919093,
    0.12870906620409514
  ],
  "val_rmse_lat": [
    0.13951029846733012,
    0.13460170883062056,
    0.13220876259369857,
    0.1352240501895555
  ],
  "train_rmse_lon": [
    0.2251648260531058,
    0.22284909372531192,
    0.21713883190595992,
    0.21755278685014276
  ],
  "val_rmse_lon": [
    0.22635045586030933,
    0.22440931942275488,
    0.21880675593570215,
    0.2182571005598298
  ]
}