{
  "train_rmse_lat": [
    0.4086006530858766,
    5.188941081841431,
    1.0109343700606825,
    1.8649899685859004,
    0.4094405110295722
  ],
  "val_rmse_lat": [
    0.413116184634964,
    5.185474274394085,
    1.029085256815276,
    1.9004037939526235,
    0.41726177027646666
  ],
  "train_rmse_lon": [
    3.1728291746640935,
    0.7832607139398422,
    2.919958434083948,
    11.787172710644967,
    0.8761069792833762
  ],
  "val_rmse_lon": [
    3.2134077731166157,
    0.784200592861342,
    2.9567748249824386,
    11.856037860097349,
    0.8444705132940469
  ]
}