{
  "train_rmse_lat": [
    0.3345993454263221,
    3.9964182096002534,
    0.8198925821176216,
    3.287174462165017,
    1.7566890557255528
  ],
  "val_rmse_lat": [
    0.339450954546558,
    3.9980159926483125,
    0.8211363634035997,
    3.285804178842711,
    1.726608803494962
  ],
  "train_rmse_lon": [
    1.0514843097762987,
    6.896581103190601,
    3.4686131606477435,
    3.4897513671444216,
    4.1176095100828745
  ],
  "val_rmse_lon": [
    1.0567722977574334,
    6.88021554629552,
    3.513605706309957,
    3.506507849615931,
    3.9743018234504532
  ]
}