{
  "train_rmse_lat": [
    0.19565605415405918,
    0.20454696116879106,
    0.19859791883784048,
    0.20680150832310826
  ],
  "val_rmse_lat": [
    0.20515441139016877,
    0.20449112150668747,
    0.2032999178075255,
    0.2035074469849247
  ],
  "train_rmse_lon": [
    0.206457938414368,
    0.21250843347683102,
    0.2131993688384973,
    0.21204311098857492
  ],
  "val_rmse_lon": [
    0.22037743785526906,
    0.2166245420262573,
    0.21515729483725315,
    0.21422984611320756
  ]
}