{
  "train_rmse_lat": [
    0.21878752570317384,
    0.8722874578339858,
    4.828010872021321,
    18.202256781861404,
    0.28398959377161054
  ],
  "val_rmse_lat": [
    0.22482024887406915,
    0.881302998882342,
    4.918940338872433,
    17.836887491348023,
    0.2652389892536
  ],
  "train_rmse_lon": [
    11.451944966264445,
    8.239968019416558,
    3.631131859364611,
    5.945925032887324,
    19.85032103212016
  ],
  "val_rmse_lon": [
    11.669126333341412,
    8.278272623038108,
    3.718959943221118,
    5.827429239337272,
    19.332458369694436
  ]
}