{
  "train_rmse_lat": [
    0.277242817593989,
    7.430805058488695,
    10.763487781885132,
    0.3998449618118113,
    7.281199673987867
  ],
  "val_rmse_lat": [
    0.28016190836565064,
    7.473225848719984,
    10.989833765427601,
    0.40330603254249214,
    7.063869449600212
  ],
  "train_rmse_lon": [
    2.604994419583553,
    1.2693973947044013,
    1.0371405104771156,
    4.382222217269583,
    9.829993902436913
  ],
  "val_rmse_lon": [
    2.6525086523201513,
    1.272969684262736,
    1.0673105553881206,
    4.2919882288648195,
    9.562707666117406
  ]
}