{
  "train_rmse_lat": [
    0.1782034958686204,
    0.18940333159775938,
    0.19361487617993453,
    0.19413429054903802
  ],
  "val_rmse_lat": [
    0.19986927086508655,
    0.1874347419370032,
    0.18714760970488556,
    0.1859244125525971
  ],
  "train_rmse_lon": [
    0.14207367212400648,
    0.15588077422658264,
    0.1612858896792025,
    0.16319056029854703
  ],
  "val_rmse_lon": [
    0.17548959232903882,
    0.16776011272165137,
    0.16604117492114612,
    0.16605867578389863
  ]
}