{
  "train_rmse_lat": [
    0.16156921336770258,
    0.25054553209008834,
    5.171629408084613,
    1.811550614838825
  ],
  "val_rmse_lat": [
    0.16475226799824633,
    0.25181014269087465,
    5.249686097721488,
    1.8416585270178725
  ],
  "train_rmse_lon": [
    16.53278702063538,
    0.7298007849068419,
    3.4445478565885677,
    8.161980922343444
  ],
  "val_rmse_lon": [
    16.88916031081067,
    0.7541308448558269,
    3.458940321929663,
    8.326717072865897
  ]
}