{
  "train_rmse_lat": [
    0.181177145290946,
    5.170988412263066,
    3.2660270648115364,
    2.214625920463799
  ],
  "val_rmse_lat": [
    0.18089242559057675,
    5.2903457102744165,
    3.3157442999452944,
    2.2632188989554027
  ],
  "train_rmse_lon": [
    12.668233319883122,
    2.188243475587535,
    3.2895635342701284,
    0.2768647596732008
  ],
  "val_rmse_lon": [
    12.983218373158953,
    2.2674540218366475,
    3.306068046357179,
    0.2712991106822275
  ]
}