{
  "train_rmse_lat": [
    0.16343404411780965,
    0.19220948130182197,
    0.1933861871436577,
    0.1952949411734311
  ],
  "val_rmse_lat": [
    0.1994806739438571,
    0.18483069610934566,
    0.18494378979294643,
    0.18437115442094001
  ],
  "train_rmse_lon": [
    0.1520415630847522,
    0.16670224784494536,
    0.164468460162904,
    0.16621478179038765
  ],
  "val_rmse_lon": [
    0.175899677606833,
    0.17349544298595046,
    0.16566841834512797,
    0.16540220117648527
  ]
}