{
  "train_rmse_lat": [
    0.2684697974611573,
    0.3250851802289045,
    10.437867386916176,
    0.2045967935159791
  ],
  "val_rmse_lat": [
    0.27134586159195323,
    0.29886987831794803,
    10.509715453378055,
    0.20045102814269136
  ],
  "train_rmse_lon": [
    5.84778212916217,
    8.550289454745332,
    13.969035123226126,
    1.2818020292975099
  ],
  "val_rmse_lon": [
    5.970891902764366,
    8.696951621860732,
    14.098990799554578,
    1.2688733372075793
  ]
}