{
  "train_rmse_lat": [
    0.25544620112595257,
    6.215761164003499,
    8.349419438850655,
    4.8511960675097034
  ],
  "val_rmse_lat": [
    0.2623620404586216,
    6.315512168564911,
    8.426248324177084,
    4.879306466989587
  ],
  "train_rmse_lon": [
    5.352390798353139,
    0.21409449829732052,
    3.8132901073943173,
    5.329544327279055
  ],
  "val_rmse_lon": [
    5.4752227158214675,
    0.23015135162217953,
    3.8283993736108206,
    5.3313305831353714
  ]
}