{
  "train_rmse_lat": [
    0.40086071485489394,
    0.2751347164461324,
    2.916241726445999,
    1.0701029449352168
  ],
  "val_rmse_lat": [
    0.38785407088575513,
    0.2678620072685657,
    2.8462199593240474,
    1.0788514496220885
  ],
  "train_rmse_lon": [
    1.3744800944640299,
    2.9437289401381057,
    4.339157535532345,
    4.581861323364871
  ],
  "val_rmse_lon": [
    1.3757809219430075,
    2.87957440702963,
    4.262989954924467,
    4.485767918625647
  ]
}