{
  "train_rmse_lat": [
    0.31674104938557973,
    3.2103657991525334,
    5.117986827814886,
    0.23294082848316858
  ],
  "val_rmse_lat": [
    0.3106333595856191,
    3.1699512239185506,
    5.0646549162628585,
    0.22383006865870728
  ],
  "train_rmse_lon": [
    18.87106785505748,
    14.476151608581922,
    0.6999602716499956,
    6.090647857072374
  ],
  "val_rmse_lon": [
    18.8190725510271,
    14.208695233822114,
    0.6934502472628964,
    5.961641397451902
  ]
}