{
  "train_rmse_lat": [
    0.2363299363281359,
    0.23367181694307354,
    0.23008523988108703,
    0.23058440071927652
  ],
  "val_rmse_lat": [
    0.23981535302790102,
    0.237956346666124,
    0.23538538760274189,
    0.2359959757311084
  ],
  "train_rmse_lon": [
    0.19654750194953324,
    0.19516791328036773,
    0.19353265797335661,
    0.19098533026693398
  ],
  "val_rmse_lon": [
    0.1913792522281815,
    0.18910591373139612,
    0.18948791415017258,
    0.1893403583834023
  ]
}