{
  "train_rmse_lat": [
    0.21182235994017984,
    3.753791235663544,
    1.1041892982617425,
    12.933783964049082,
    12.387628264049939
  ],
  "val_rmse_lat": [
    0.22691068935846137,
    3.763167010409646,
    1.1461331874123823,
    12.676423781601626,
    12.027544586887155
  ],
  "train_rmse_lon": [
    8.66162819997673,
    16.180492626213457,
    7.769663294370881,
    8.25955636962228,
    10.35017752175776
  ],
  "val_rmse_lon": [
    8.820549358282953,
    16.251145144107202,
    7.929149194263159,
    8.098085815580982,
    10.083991988830968
  ]
}