{
  "train_rmse_lat": [
    0.12668027218351863,
    0.1250997985501817,
    0.130027229683915,
    0.12913605334394535,
    0.12911699694357864
  ],
  "val_rmse_lat": [
    0.13620673643872566,
    0.14436461626927838,
    0.12214895092960908,
    0.12407531329771329,
    0.1286691212278551
  ],
  "train_rmse_lon": [
    0.21433535833701578,
    0.2143903082455985,
    0.21316622126801582,
    0.21655347381259574,
    0.21175363445325585
  ],
  "val_rmse_lon": [
    0.2302443464323101,
    0.21516638048240763,
    0.22324311440340538,
    0.21371803385529958,
    0.2287279702050623
  ]
}