{
  "train_rmse_lat": [
    0.4735035237755228,
    11.016663118151063,
    1.0134565569986176,
    0.32788148817218227,
    1.5439803714866926
  ],
  "val_rmse_lat": [
    0.474064210574376,
    11.272830799028988,
    1.0369466252678383,
    0.33904000724325617,
    1.4886134712931989
  ],
  "train_rmse_lon": [
    11.07126731889212,
    10.534310014348897,
    0.6865401806410265,
    4.598741744878035,
    3.945660416509937
  ],
  "val_rmse_lon": [
    10.961141058809561,
    10.790066599743694,
    0.6973951106631545,
    4.635200580870927,
    3.88072378683775
  ]
}