{
  "train_rmse_lat": [
    0.3636196981361218,
    5.118834000331306,
    1.920304185135248,
    3.226062922035134,
    2.261833624563596
  ],
  "val_rmse_lat": [
    0.3647155574876864,
    5.2433664908120825,
    1.9413016490281543,
    3.2290953450148354,
    2.1957028086174217
  ],
  "train_rmse_lon": [
    0.562833541263806,
    6.5758065742131,
    0.8121329555562916,
    6.231087129539276,
    8.866875275346835
  ],
  "val_rmse_lon": [
    0.5409796004156182,
    6.717859384676423,
    0.8044638184558083,
    6.293730234529204,
    8.651308215426727
  ]
}