{
  "train_rmse_lat": [
    0.15149844466478468,
    11.970235690201847,
    2.0880799443401212,
    2.9241627234093985,
    8.340598454646797
  ],
  "val_rmse_lat": [
    0.1583154911381991,
    12.177874962782163,
    2.0855875695695687,
    2.876627929792614,
    8.327203557201889
  ],
  "train_rmse_lon": [
    2.23703697427867,
    4.584650453832842,
    4.32896340535994,
    1.078015294839475,
    0.3420246858321981
  ],
  "val_rmse_lon": [
    2.2539963795773956,
    4.66274251109266,
    4.344015829837125,
    1.0692830801960924,
    0.3556803500303267
  ]
}