{
  "train_rmse_lat": [
    0.18662485762995037,
    0.1932385130541721,
    0.19431361801282204,
    0.1979398168305081
  ],
  "val_rmse_lat": [
    0.20624166229962376,
    0.2034185880539307,
    0.20138677997652765,
    0.20033440935297567
  ],
  "train_rmse_lon": [
    0.19302084559817606,
    0.1993319395053973,
    0.20249612428194233,
    0.20294976690084884
  ],
  "val_rmse_lon": [
    0.21822232697394067,
    0.21315973608732855,
    0.21267554572766845,
    0.21109089435026282
  ]
}