{
  "train_rmse_lat": [
    0.12575157522616812,
    0.12384487565888042,
    0.12899386058860157,
    0.12773229721105447,
    0.12740285453649772
  ],
  "val_rmse_lat": [
    0.13684229982029059,
    0.14443913500635724,
    0.12302385904070023,
    0.12470209188890502,
    0.12948120188221127
  ],
  "train_rmse_lon": [
    0.1966820993706464,
    0.20052998919924758,
    0.19999762770786053,
    0.19959545176951296,
    0.1967010208399707
  ],
  "val_rmse_lon": [
    0.2229332429052954,
    0.21671207876612864,
    0.22364759505788262,
    0.2154652485443132,
    0.2256425242739396
  ]
}