{
  "train_rmse_lat": [
    0.222657505222077,
    0.22396163712136763,
    0.22029917914832434,
    0.22239951253849946,
    0.22131923024187294
  ],
  "val_rmse_lat": [
    0.23264006229324632,
    0.2267949961298936,
    0.23517246193750266,
    0.2320100141694697,
    0.23355188874611482
  ],
  "train_rmse_lon": [
    0.18870421465798418,
    0.18716619626034123,
    0.18709401118910812,
    0.18737239645840542,
    0.18561764887394877
  ],
  "val_rmse_lon": [
    0.1876896401888792,
    0.19389308932929175,
    0.1910642308688744,
    0.19422732954338506,
    0.20101991732620475
  ]
}