{
  "train_rmse_lat": [
    0.22207188532007607,
    0.2254147331019867,
    0.2236622959632324,
    0.22411635282765952
  ],
  "val_rmse_lat": [
    0.23968336296317677,
    0.23719766830956118,
    0.23477933554297248,
    0.23461623782587324
  ],
  "train_rmse_lon": [
    0.18946887116491615,
    0.18900451439111787,
    0.1869280328777031,
    0.18609173623118258
  ],
  "val_rmse_lon": [
    0.1926972399218004,
    0.18872928075357345,
    0.1879959720283042,
    0.18892123163388497
  ]
}