{
  "train_rmse_lat": [
    0.2233127985552215,
    0.22549840157235385,
    0.22115575056314835,
    0.2228917929109626,
    0.2236646599719117
  ],
  "val_rmse_lat": [
    0.2323364891005155,
    0.2267505780049297,
    0.23593484905404585,
    0.23264277985619666,
    0.23358001232229708
  ],
  "train_rmse_lon": [
    0.19042772238595962,
    0.18989430919302644,
    0.18924314702361641,
    0.1890270692598952,
    0.18726276764274175
  ],
  "val_rmse_lon": [
    0.18762459183919944,
    0.1956344385190532,
    0.19073052505583024,
    0.19595104630024235,
    0.20055783104695057
  ]
}