{
  "train_rmse_lat": [
    0.19686542972282045,
    0.19989272069898142,
    0.2005069719487639,
    0.20174526202971063
  ],
  "val_rmse_lat": [
    0.20998161763913348,
    0.2067018235500096,
    0.20075577066010913,
    0.20311194012432923
  ],
  "train_rmse_lon": [
    0.21244453054827678,
    0.21416776355663286,
    0.21582477692572047,
    0.2146054179265873
  ],
  "val_rmse_lon": [
    0.21834779372548876,
    0.21762022728548452,
    0.21718692273222323,
    0.21746373776038
  ]
}