{
  "train_rmse_lat": [
    0.20023508681739138,
    0.2021106450490181,
    0.20095763241646986,
    0.20177133718525003,
    0.2025204412147336
  ],
  "val_rmse_lat": [
    0.21824387751296445,
    0.20645247693314697,
    0.21466510171170844,
    0.2064073375675619,
    0.20530379346884794
  ],
  "train_rmse_lon": [
    0.20609695047037122,
    0.2030129403226939,
    0.20328437678317124,
    0.20463095672989298,
    0.20498717684254142
  ],
  "val_rmse_lon": [
    0.2077106160470348,
    0.21986191819187345,
    0.21966282957122338,
    0.21304393976416383,
    0.20875847996034544
  ]
}